description,category
Embark on a historical journey through the reigns of mighty emperors and formidable queens during times of war.,history and culture
Explore the courtly intrigues and power struggles faced by kings emperors and queens amidst the chaos of war.,history and culture
Visit the battlefields where legendary kings emperors and queens led their armies into epic wars that shaped the course of history.,history and culture
Delve into the strategic brilliance of rulers who orchestrated wars to expand their empires and queens who defended their realms.,history and culture
Experience the emotional toll of war on royal families as rulers grappled with loss triumph and sacrifice.,history and culture
Participate in workshops that recreate the war councils where monarchs made critical decisions to secure their thrones.,history and culture
Savor the tales of legendary queens who became war heroes leading their nations with unparalleled courage.,history and culture
Engage in discussions on the evolving roles of kings emperors and queens during periods of war and societal upheaval.,history and culture
Discover the cultural impact of wars fought under the command of visionary rulers and resilient queens.,history and culture
Witness the artistic expressions inspired by the triumphs and tragedies of monarchs and queens in times of war.,history and culture
Join historical walking tours that unveil the architectural marvels commissioned by rulers and queens as symbols of their wartime victories.,history and culture
Explore the narratives of kings emperors and queens who navigated the complexities of diplomacy during times of war.,history and culture
Attend lectures on the military strategies employed by rulers and queens throughout different epochs of history and war.,history and culture
Immerse yourself in the royal residences that stood witness to the triumphs and tribulations of monarchs and queens at war.,history and culture
Savor the flavors of medieval banquets reminiscent of the feasts hosted by rulers and queens to celebrate wartime victories.,history and culture
Discover the secret alliances and clandestine affairs that unfolded behind the scenes of wars led by cunning monarchs and queens.,history and culture
Engage in interactive exhibits showcasing the weapons and armor used by kings emperors and queens in battles throughout history.,history and culture
Participate in symposiums that shed light on the psychological toll of war on the minds of monarchs and queens.,history and culture
Visit the archives that house the letters and correspondences of rulers and queens during times of war.,history and culture
Explore the legacies of queens who served as regents and guardians of the realm in the absence of kings and emperors during wartime.,history and culture
Attend reenactments of historic battles capturing the bravery and valor displayed by monarchs and queens on the front lines of war.,history and culture
Learn about the queens who were skilled tacticians devising war strategies that influenced the outcomes of conflicts.,history and culture
Trace the lineage of kings emperors and queens who left an indelible mark on the annals of history through their wartime exploits.,history and culture
Discover the espionage and espionage networks established by queens to gather intelligence during times of war.,history and culture
Engage in conversations about the cultural shifts that occurred as a result of wars waged by visionary rulers and progressive queens.,history and culture
Visit the memorials dedicated to rulers and queens honoring their contributions and sacrifices during times of war.,history and culture
Explore the architectural marvels built in the aftermath of wars symbolizing the resilience and triumph of kings emperors and queens.,history and culture
Attend workshops that delve into the psychological profiles of kings emperors and queens exploring their motivations during times of war.,history and culture
Savor the unique blend of history and war depicted in artworks that immortalize the tales of kings emperors and queens.,history and culture
Immerse yourself in the historical novels that vividly portray the lives and loves of rulers and queens against the backdrop of war.,history and culture
Embark on a historical journey through the reigns of mighty kings and formidable queens during times of war.,history and culture
Explore the courtly intrigues and power struggles faced by kings and queens amidst the chaos of war.,history and culture
Visit the battlefields where legendary kings and queens led their armies into epic wars that shaped the course of history.,history and culture
Delve into the strategic brilliance of kings who orchestrated wars to expand their empires and queens who defended their realms.,history and culture
Experience the emotional toll of war on royal families as kings and queens grappled with loss triumph and sacrifice.,history and culture
Participate in workshops that recreate the war councils where kings and queens made critical decisions to secure their thrones.,history and culture
Engage in discussions on the evolving roles of kings and queens during periods of war and societal upheaval.,history and culture
Discover the cultural impact of wars fought under the command of visionary kings and resilient queens.,history and culture
Witness the artistic expressions inspired by the triumphs and tragedies of kings and queens in times of war.,history and culture
Join historical walking tours that unveil the architectural marvels commissioned by kings and queens as symbols of their wartime victories.,history and culture
Explore the narratives of kings and queens who navigated the complexities of diplomacy during times of war.,history and culture
Attend lectures on the military strategies employed by kings and queens throughout different epochs of history and war.,history and culture
Immerse yourself in the royal residences that stood witness to the triumphs and tribulations of kings and queens at war.,history and culture
Savor the flavors of medieval banquets reminiscent of the feasts hosted by kings and queens to celebrate wartime victories.,history and culture
Discover the secret alliances and clandestine affairs that unfolded behind the scenes of wars led by cunning kings and queens.,history and culture
Engage in interactive exhibits showcasing the weapons and armor used by kings and queens in battles throughout history.,history and culture
Participate in symposiums that shed light on the psychological toll of war on the minds of kings and queens.,history and culture
Visit the archives that house the letters and correspondences of kings and queens during times of war.,history and culture
Explore the legacies of queens who served as regents and guardians of the realm in the absence of kings during wartime.,history and culture
Attend reenactments of historic battles capturing the bravery and valor displayed by kings and queens on the front lines of war.,history and culture
Trace the lineage of kings and queens who left an indelible mark on the annals of history through their wartime exploits.,history and culture
Engage in conversations about the cultural shifts that occurred as a result of wars waged by visionary kings and progressive queens.,history and culture
Visit the memorials dedicated to kings and queens honoring their contributions and sacrifices during times of war.,history and culture
Explore the architectural marvels built in the aftermath of wars symbolizing the resilience and triumph of kings and queens.,history and culture
Attend workshops that delve into the psychological profiles of kings and queens exploring their motivations during times of war.,history and culture
Savor the unique blend of history and war depicted in artworks that immortalize the tales of kings and queens.,history and culture
Immerse yourself in the historical novels that vividly portray the lives and loves of kings and queens against the backdrop of war.,history and culture
Embark on a journey through time  witnessing the reign of a powerful king and queen.,history and culture
Explore ancient battlefields and fortresses  where the echoes of war still resonate.,history and culture
The queen's courage in times of war inspired the nation.,history and culture
Join historical reenactments of epic battles  experiencing the life of a warrior under the king's command.,history and culture
Discover the strategies and tactics employed by kings and queens during times of war.,history and culture
In the heart of the city  visit the war museum showcasing the valor of kings and queens.,history and culture
Experience the grandeur of royal ceremonies  as kings and queens prepared for war.,history and culture
Walk through the corridors of a medieval castle  where the scars of war tell tales of the past.,history and culture
Learn about the diplomacy and alliances forged by kings to prevent wars.,history and culture
Participate in a war strategy workshop  gaining insights into the decision-making process of kings.,history and culture
The queen's resilience during times of war became a symbol of strength.,history and culture
Visit the historic battlefield where a legendary king led his troops to victory in a decisive war.,history and culture
Uncover the secret chambers in the palace where war plans were devised by the king's advisors.,history and culture
Explore the artifacts and weaponry used by kings and queens in medieval wars.,history and culture
Attend lectures on the political intrigue and power struggles during the era of kings and queens.,history and culture
Witness the coronation of a king  a moment that marked the beginning of a new era and potential wars.,history and culture
Immerse yourself in the stories of brave warriors who fought alongside kings and queens.,history and culture
Take a guided tour of historical landmarks  revealing the scars of past wars endured by kings.,history and culture
Step into the shoes of a medieval knight  loyal to the king  prepared for battle in times of war.,history and culture
Experience the elegance of royal banquets  discussing peace treaties and war resolutions.,history and culture
Participate in escape rooms  unraveling historical mysteries interactively  where you can feel like a king or queen.,history and culture
Trace the evolution of fashion through interactive exhibitions and workshops fit for a king or queen.,history and culture
Take guided tours through historical districts  streets  and landscapes  exploring the world as a king or queen would.,history and culture
Savor traditional dishes recipes  and flavors inspired by the culinary delights fit for royalty - both king and queen.,history and culture
Attend symposiums lectures and discussions on cultural heritage  feeling as if you are a king or queen witnessing history unfold.,history and culture
Capture panoramic view vibrant cityscape top skyscraper.,scenic or photography
Frame delicate beauty cherry blossoms backdrop ancient temples.,scenic or photography
Photograph stillness mirrored lake reflecting mountainous horizon.,scenic or photography
Compose shot sun-kissed vineyard stretching across rolling hills.,scenic or photography
Capture surreal beauty frozen lake surrounded snow-covered trees.,scenic or photography
Frame silhouette lone tree canvas twilight sky.,scenic or photography
Photograph golden fields sunflower farm stretching horizon.,scenic or photography
Capture allure coastal cliff bathed warm glow sunrise.,scenic or photography
Compose shot traditional fishing village colorful boats anchor.,scenic or photography
Frame architectural grandeur historical library shelves ancient manuscripts.,scenic or photography
Photograph reflection city skyline still waters tranquil river.,scenic or photography
Capture vibrancy bustling street market stalls teeming exotic fruits.,scenic or photography
Compose shot hillside covered blooming lavender fields.,scenic or photography
Frame majestic arches columns ancient Roman amphitheater.,scenic or photography
Photograph delicate petals dew-covered rose soft morning light.,scenic or photography
Capture dynamic contrast desert oasis surrounding arid landscape.,scenic or photography
Compose shot traditional tea plantation nestled misty mountains.,scenic or photography
Frame reflection historic castle clear waters moat.,scenic or photography
Photograph vibrant street art decorating walls urban alley.,scenic or photography
Capture tranquility Zen garden carefully raked sand stone arrangements.,scenic or photography
Compose shot serene waterfall hidden lush moss-covered forest.,scenic or photography
Frame intricate patterns frost window pane winter morning.,scenic or photography
Photograph architectural details centuries-old covered bridge.,scenic or photography
Capture vibrant colors hot air balloons ascending scenic landscape.,scenic or photography
Compose shot traditional pagoda surrounded blooming cherry blossoms.,scenic or photography
Frame surreal beauty natural hot spring nestled mountainous terrain.,scenic or photography
Photograph atmospheric beauty foggy morning dense forest.,scenic or photography
Capture enchanting glow city lights reflected calm river dusk.,scenic or photography
Compose shot narrow alley ancient town adorned colorful flowers.,scenic or photography
Frame architectural details historic market square cobblestone streets.,scenic or photography
Capture ethereal beauty misty forest sunrise.,scenic or photography
Frame serenity tranquil garden blooming cherry blossoms.,scenic or photography
Photograph mesmerizing patterns starry night sky mountain range.,scenic or photography
Compose shot lonely lighthouse standing backdrop crashing waves.,scenic or photography
Capture dynamic energy bustling cityscape thunderstorm.,scenic or photography
Frame architectural symmetry historic cathedral clear azure sky.,scenic or photography
Photograph reflection vibrant city skyline rain-soaked street.,scenic or photography
Capture golden hour glow snow-capped peaks mountain range.,scenic or photography
Compose shot meandering river cutting sun-drenched valley.,scenic or photography
Frame play light petals dew-covered flower morning.,scenic or photography
Photograph silhouettes wildlife fiery hues savannah sunset.,scenic or photography
Capture tranquility mist-covered lake heart dense forest.,scenic or photography
Compose shot solitary sailboat drifting glassy waters calm bay.,scenic or photography
Frame surreal beauty salt flat reflecting colors setting sun.,scenic or photography
Photograph vibrant street art adorning walls bohemian neighborhood.,scenic or photography
Capture grandeur snow-capped mountain range winter solstice.,scenic or photography
Compose shot coastal cliff adorned lush greenery blue sky.,scenic or photography
Frame ancient architecture medieval castle bathed soft moonlight.,scenic or photography
Photograph vivid hues hot air balloons rising scenic landscape.,scenic or photography
Capture reflection cityscape still waters modern glass building.,scenic or photography
Compose shot field sunflowers basking warm glow afternoon sun.,scenic or photography
Frame intricate details historical clock tower pastel-colored sky.,scenic or photography
Photograph vibrant street life bustling market square daytime.,scenic or photography
Capture tranquil beauty lakeside cabin surrounded autumn foliage.,scenic or photography
Compose shot rainbow stretching across sky passing rain shower.,scenic or photography
Frame architectural brilliance modern bridge spanning city river.,scenic or photography
Photograph surreal beauty natural hot spring surrounded snowy landscapes.,scenic or photography
Capture majesty towering waterfall cascading rocky cliffs.,scenic or photography
Compose shot row traditional houses along picturesque canal.,scenic or photography
Capture breathtaking sunrise serene mountain peaks.,scenic or photography
Frame majestic waterfall backdrop lush greenery.,scenic or photography
Explore enchanting play colors sunset seaside.,scenic or photography
Photograph vibrant blooms field wildflowers.,scenic or photography
Compose shot tranquil lake mirrored cloud-strewn sky.,scenic or photography
Capture dynamic dance city lights bustling urban panorama.,scenic or photography
Frame ancient ruins warm hues setting sun.,scenic or photography
Photograph intricate details dew-kissed spider web early morning.,scenic or photography
Capture ethereal beauty fog-laden forest dawn.,scenic or photography
Frame architectural splendor historic landmarks clear blue sky.,scenic or photography
Photograph reflection city skyline glassy skyscraper.,scenic or photography
Compose shot solitary tree vast rolling meadow.,scenic or photography
Capture cascading waterfalls hidden within lush moss-covered canyon.,scenic or photography
Frame dramatic cliffs coastline rugged seascape.,scenic or photography
Photograph delicate petals cherry blossoms full bloom.,scenic or photography
Capture serenity snow-covered landscape heart winter.,scenic or photography
Compose shot winding river cutting picturesque valley.,scenic or photography
Frame silhouettes wildlife golden hues savannah sunset.,scenic or photography
Photograph play light shadows dense mystical forest.,scenic or photography
Capture vibrancy bustling market square foreign city.,scenic or photography
Frame reflection mountain range crystal-clear waters lake.,scenic or photography
Photograph architectural symmetry modern skyline twilight sky.,scenic or photography
Compose shot field lavender stretching horizon.,scenic or photography
Capture beauty coastal village colorful boats lining harbor.,scenic or photography
Frame stark contrast desert landscape deep blue sky.,scenic or photography
Photograph rugged terrain expansive vistas canyon landscape.,scenic or photography
Compose shot quaint village nestled rolling hills countryside.,scenic or photography
Capture essence bustling street market vibrant stalls diverse faces.,scenic or photography
Frame architectural details historic bridge spanning tranquil river.,scenic or photography
Photograph reflection full moon calm midnight lake.,scenic or photography
Witness mastery ancient architects enduring structures historical bridges.,history and culture
Explore intricate mosaic floors adorned opulent residences elite.,history and culture
Admire craftsmanship ancient sculptures bring life faces bygone rulers.,history and culture
Experience echoes ancient marketplaces trade routes converged cultures mingled.,history and culture
Marvel grandeur historical cathedrals testament faith architectural prowess.,history and culture
Step time-worn amphitheaters resonated voices ancient orators performers.,history and culture
Delve symbolism ancient hieroglyphics unlocking mysteries bygone civilizations.,history and culture
Celebrate diversity historical attire reflecting social fabric different epochs.,history and culture
Gaze upon celestial wonders lens ancient observatories unlocking cosmic secrets.,history and culture
Stroll remnants ancient bazaars vibrant hubs trade cultural exchange.,history and culture
Explore labyrinthine passages historical mazes cultural significance.,history and culture
Admire elegance historical calligraphy capturing essence language artistic strokes.,history and culture
Marvel intricate details historical manuscripts preserving wisdom ages.,history and culture
Savor scents historical perfumeries fragrances crafted nobility clergy.,history and culture
Step sacred spaces historical shrines rituals connected earthly divine.,history and culture
Revel historical pageantry masquerade balls anonymity met extravagant elegance.,history and culture
Trace evolution historical currencies coin bearing imprint cultural era.,history and culture
Experience solemnity historical rituals marked significant life transitions.,history and culture
Wander historical silk routes tracing exchange goods ideas cultures.,history and culture
Adorn intricate patterns historical textiles reflection artisanal mastery.,history and culture
Commune nature historical arboretums curated study preservation diverse flora.,history and culture
Witness resilience historical theaters tales tragic comedic unfolded.,history and culture
Explore historical alchemy labs scientific inquiry intertwined mysticism.,history and culture
Gaze upon historical frescoes adorned walls ancient tombs narrating tales afterlife.,history and culture
Revel historical rituals courtly love chivalry romance intertwined.,history and culture
Marvel historical aqueducts channeled water sustain thriving civilizations.,history and culture
Step historical bathhouses cleansing rituals intertwined social gatherings.,history and culture
Delve historical guilds shaped craftsmanship trade medieval cities.,history and culture
Admire historical weaponry displayed armories piece testament martial craftsmanship.,history and culture
Celebrate historical festivals brought communities together joyous celebration.,history and culture
Engage historical games pastimes entertained royalty common folk.,history and culture
Discover strategic brilliance ancient military fortifications defensive structures.,history and culture
Step opulent chambers monarchs held audiences made pivotal decisions.,history and culture
Immerse vibrant colors patterns historical textiles adorned royalty.,history and culture
Marvel ancient aqueducts engineering marvels sustained flourishing civilizations.,history and culture
Witness splendor historical processions showcased wealth power rulers.,history and culture
Explore preserved manuscripts served guides scholars medieval scriptoria.,history and culture
Admire celestial-themed ceiling frescoes adorned grand halls historical palaces.,history and culture
Participate time-honored practice calligraphy revered art form.,history and culture
Savor aromas ancient spices herbs enriched flavors royal cuisines.,history and culture
Trace evolution traditional dances step echoing cultural narrative time.,history and culture
Engage ancient rituals honored deities sought blessings prosperity kingdom.,history and culture
Revel intricate details historical pottery ceramics reflecting artistic mastery.,history and culture
Stroll botanical gardens curated medicinal aesthetic purposes.,history and culture
Step shadowy corridors historical dungeons bear witness tales imprisonment.,history and culture
Uncover symbolic meanings behind ancient heraldry coats arms.,history and culture
Marvel precision ancient timekeeping devices measured passage hours.,history and culture
Experience opulence historical fashion displays regal garments accessories.,history and culture
Celebrate resilience cultural traditions face historical adversities.,history and culture
Wander historical libraries safeguarded knowledge meticulously crafted manuscripts.,history and culture
Adorn traditional jewelry tells stories heritage social status.,history and culture
Commune spirits historical figures well-preserved tombs sepulchers.,history and culture
Witness architectural ingenuity ancient amphitheaters designed spectacle discourse.,history and culture
Explore intricate artistry historical stained glass windows depicted religious narratives.,history and culture
Gaze upon celestial alignments ancient observatories guided early astronomers.,history and culture
Revel ceremonial grandeur historical coronations enthronements.,history and culture
Sail historical trade routes facilitated cultural exchange economic prosperity.,history and culture
Delve philosophical treatises shaped intellectual landscape ancient civilizations.,history and culture
Marvel skillful craftsmanship historical weaponry piece work functional art.,history and culture
Experience solemnity historical religious processions marked significant events.,history and culture
Celebrate intricate art historical tapestries weaving stories thread color.,history and culture
Engage historical traditions courtly etiquette governed noble interactions.,history and culture
Witness elegance royal court dances enchanted generations.,history and culture
Explore troves ancient manuscripts hold wisdom bygone scholars.,history and culture
Feel aura mysticism sacred sites ancient rituals performed.,history and culture
Gaze upon intricate carvings adorn walls historic temples.,history and culture
Discover stories behind legendary artifacts survived passage time.,history and culture
Immerse intellectual fervor historical salons philosophical gatherings.,history and culture
Marvel celestial beauty captured ancient astronomical observatories.,history and culture
Stroll along cobblestone streets whisper tales medieval life commerce.,history and culture
Step shoes legendary explorers ventured unknown.,history and culture
Participate traditional ceremonies pay homage changing seasons.,history and culture
Savor delicate flavors age-old recipes passed royal chefs.,history and culture
Admire craftsmanship ancient weaponry armor displayed regal armories.,history and culture
Explore intricate latticework historical palaces housed nobility.,history and culture
Marvel celestial artistry depicted ancient astronomical charts maps.,history and culture
Step opulent ballrooms hosted grand soir√©es majestic celebrations.,history and culture
Trace evolution ancient scripts shaped written word.,history and culture
Experience echoes ancient battle strategies well-preserved war rooms.,history and culture
Wander ancient marketplaces bustled trade cultural exchange.,history and culture
Adorn traditional attire worn significant cultural ceremonies.,history and culture
Celebrate resilience society ancient folklore storytelling.,history and culture
Glimpse intimate lives royalty preserved chambers palaces.,history and culture
Witness architectural marvels ancient amphitheaters hosted grand performances.,history and culture
Uncover symbolism behind ancient religious iconography sacred art.,history and culture
Feel pulse historic marketplaces hubs cultural economic exchange.,history and culture
Engage ancient games sports pastimes kings queens.,history and culture
Marvel delicate artistry historical tapestries depict epic narratives.,history and culture
Sail annals maritime history exploring ancient seafaring routes.,history and culture
Commune nature sacred groves held spiritual significance ancient cultures.,history and culture
Explore intricate mosaics tell stories daily life ancient civilizations.,history and culture
Revel harmonious melodies ancient musical instruments displayed cultural museums.,history and culture
Celebrate enduring legacy traditional craftsmanship passed artisanal guilds.,history and culture
Discover regal history illustrious kingdom.,history and culture
Unearth secrets ancient dynasties intricate artifacts.,history and culture
Marvel opulent palaces echoed footsteps kings queens.,history and culture
Immerse grandeur royal ceremonies traditions.,history and culture
Walk hallowed halls hosted meetings wise sages monarchs.,history and culture
Witness legacy chivalry honor passed generations.,history and culture
Explore architectural marvels stand testament bygone era.,history and culture
Step lavish world courtly affairs royal banquets.,history and culture
Admire majestic tapestries chronicle epic tales valor conquest.,history and culture
Visit ancient temples served spiritual sanctuaries kings queens.,history and culture
Trace lineage noble families intricate genealogies display.,history and culture
Uncover mysteries ancient scrolls narrate sagas heroic deeds.,history and culture
Revel rich tapestry cultural diversity vibrant folk performances.,history and culture
Stand awe time-honored craftsmanship evident royal artifacts.,history and culture
Experience echoes battle cries victories historic battlegrounds.,history and culture
Stroll serene gardens private retreats monarchs.,history and culture
Feel weight history regal robes worn rulers bygone era.,history and culture
Marvel resilience ancient fortifications withstood test time.,history and culture
Engage age-old traditions faithfully preserved centuries.,history and culture
Envision lavish processions paraded bustling city streets celebration.,history and culture
Partake ceremonial rituals handed royal generations.,history and culture
Wander corridors power nerve centers kingdoms.,history and culture
Embark journey annals time guided ancient manuscripts.,history and culture
Savor flavors time-honored recipes passed royal kitchens.,history and culture
Adorn regal attire inspired fashion trends yesteryears.,history and culture
Commune spirits ancient rulers ornate tombs mausoleums.,history and culture
Appreciate intricate craftsmanship royal jewelry regalia display.,history and culture
Engross captivating narratives depicted historic murals frescoes.,history and culture
Celebrate resilience culture weathered storms time.,history and culture
Feel heartbeat history pulsating veins culturally rich destination.,history and culture
Explore rich cultural heritage location.,history and culture
Walk ancient ruins archaeological wonders.,history and culture
A place kings used live.,history and culture
Delve heritage legacy landmark.,history and culture
Visit majestic palaces forts.,history and culture
Learn traditions customs historical place.,history and culture
Discover ancient artifacts relics bygone eras.,history and culture
Immerse stories past historical site.,history and culture
Trace footsteps historical figures cultural hotspot.,history and culture
Experience charm historical architecture craftsmanship.,history and culture
Step back time explore historical districts city.,history and culture
Uncover secrets ancient civilizations historical destination.,history and culture
Marvel timeless beauty historical monuments landmarks.,history and culture
Embark journey centuries-old traditions rituals.,history and culture
Witness living history cultural performances events.,history and culture
Roam cobblestone streets town steeped history culture.,history and culture
Explore museums house artifacts different historical periods.,history and culture
Participate guided tours narrate tales past.,history and culture
Celebrate cultural diversity preserved historical festivals.,history and culture
Engage hands-on experiences bring history life.,history and culture
Stroll well-preserved historical gardens parks.,history and culture
Attend lectures talks rich historical significance region.,history and culture
Savor flavors traditional cuisine deep-rooted historical ties.,history and culture
Capture essence history photography scenic location.,history and culture
Connect local historians enthusiasts learn past.,history and culture
Partake cultural workshops showcase ancient art craftsmanship.,history and culture
Join archaeological expeditions uncover hidden treasures past.,history and culture
Attend theatrical performances depict historical events legends.,history and culture
Relax accommodations embody charm historical architecture.,history and culture
Experience blend modern life ancient traditions city.,history and culture
This historical site dates back ancient times.,history and culture
Experience charm historical architecture.,history and culture
Discover stories past rulers civilizations.,history and culture
Immerse fascinating history area.,history and culture
Uncover secrets ancient civilizations site.,history and culture
Step back time witness historical grandeur.,history and culture
This location living testament past.,history and culture
Immerse rich tapestry cultural diversity.,history and culture
Explore historical artifacts relics display.,history and culture
Witness traditions passed generations.,history and culture
Visit heritage museum in-depth historical experience.,history and culture
Discover architectural marvels define era.,history and culture
Learn historical significance landmark.,history and culture
Embark journey time cultural destination.,history and culture
Visit ancient temples marvel intricate designs.,history and culture
Experience cultural festivals bring history life.,history and culture
Wander historical streets filled stories past.,history and culture
Discover artistry ancient craftsmanship every corner.,history and culture
Participate historical reenactments transport another era.,history and culture
Learn rituals ceremonies endured centuries.,history and culture
Explore historical archives deeper understanding past.,history and culture
Admire historical murals depict tales bygone civilizations.,history and culture
Step inside ancient libraries house wisdom generations.,history and culture
Take guided tour unravel mysteries behind historical landmarks.,history and culture
Explore thrilling hiking trails breathtaking views.,adventure
Embark daring rock-climbing expedition mountains.,adventure
Venture heart wilderness exciting camping trip.,adventure
Conquer challenging peaks experience thrill mountain climbing.,adventure
Navigate rugged terrains off-road biking adventure.,adventure
Embark adrenaline-pumping zip-lining adventure treetops.,adventure
Go white-water rafting journey exhilarating aquatic adventure.,adventure
Experience rush paragliding scenic landscapes.,adventure
Challenge challenging obstacle course great outdoors.,adventure
Sail unknown daring kayaking expedition.,adventure
Embark thrilling spelunking adventure mysterious caves.,adventure
Engage heart-pounding bungee jumping experience towering cliffs.,adventure
Ski steep slopes conquer challenging alpine terrains.,adventure
Undertake wilderness survival challenge deep untamed forest.,adventure
Set cross-country trek diverse landscapes ecosystems.,adventure
Join high-altitude mountaineering expedition ultimate adventure.,adventure
Navigate dense jungles exciting canopy ziplining adventure.,adventure
Participate extreme off-grid camping experience starry sky.,adventure
Conduct challenging solo backpacking trip uncharted territories.,adventure
Embark multi-day desert safari true adventure arid landscape.,adventure
Explore hidden caves tunnels thrilling underground adventure.,adventure
Conquer challenging rock faces pulse-pounding rock-climbing adventure.,adventure
Experience rush off-road dune bashing rugged 4x4 vehicle.,adventure
Sail open sea brave waves exciting sailing expedition.,adventure
Engage high-speed downhill mountain biking adventure thrill-seekers.,adventure
Embark adrenaline-fueled skydiving adventure soaring heights.,adventure
Challenge wild currents exciting river-rafting expedition.,adventure
Navigate dense forests exhilarating ATV off-road adventure.,adventure
Conquer waves invigorating surfing experience along coast.,adventure
Embark thrilling snowmobiling adventure snowy landscapes.,adventure
Explore hidden canyons gorges exciting canyoneering expedition.,adventure
Embark daring hot air balloon ride unique aerial adventure.,adventure
Conduct daring BASE jumping experience towering cliffs.,adventure
Experience thrill shark cage diving unforgettable aquatic adventure.,adventure
Go challenging long-distance cycling journey diverse terrains.,adventure
Ski untouched powder slopes heli-skiing adventure.,adventure
Embark adventurous wildlife safari untamed landscapes.,adventure
Participate extreme desert off-roading expedition sand dunes.,adventure
Navigate dense mangroves adrenaline-pumping kayaking adventure.,adventure
Conquer challenging ice-climbing routes frozen waterfall adventure.,adventure
Capture breathtaking landscapes camera scenic location.,scenic or photography
Discover picture-perfect viewpoints offer panoramic vistas.,scenic or photography
Photograph stunning sunsets horizon picturesque spot.,scenic or photography
Immerse beauty nature capture lens.,scenic or photography
Explore hidden gems provide captivating backdrops photography.,scenic or photography
Take scenic train ride landscapes photographer's dream.,scenic or photography
Photograph mesmerizing reflections calm pristine lakes.,scenic or photography
Capture beauty blooming flowers well-maintained botanical gardens.,scenic or photography
Explore charming villages quaint architecture perfect photography.,scenic or photography
Document changing seasons picturesque scenes nature.,scenic or photography
Photograph iconic landmarks define skyline city.,scenic or photography
Capture vibrant colors bustling local market photographs.,scenic or photography
Discover architectural wonders make captivating photography subjects.,scenic or photography
Photograph intricate details historical monuments sculptures.,scenic or photography
Explore scenic beauty coastal cliffs capture waves crashing below.,scenic or photography
Capture golden hour's magical light rugged mountain landscapes.,scenic or photography
Photograph reflections city lights shimmering calm waters.,scenic or photography
Explore expansive flower fields create vibrant tapestry colors.,scenic or photography
Document tranquility nature shots serene forests lakes.,scenic or photography
Capture architectural symmetry historic bridges urban settings.,scenic or photography
Photograph play shadows light ancient,scenic or photography
Explore charm rural landscapes rolling hills open fields.,scenic or photography
Capture essence bustling street market lively street photography.,scenic or photography
Photograph intricate details stained glass windows historic churches.,scenic or photography
Document beauty waterfalls cascading streams mist.,scenic or photography
Capture timeless beauty ancient ruins backdrop sky.,scenic or photography
Photograph vibrant street art adorns walls city.,scenic or photography
Explore beauty coastal cliffs capture seascapes crashing waves.,scenic or photography
Document harmony traditional architecture cultural heritage site.,scenic or photography
Photograph symphony colors hot air balloon festival.,scenic or photography
Capture ethereal beauty mist-covered mountains sunrise.,scenic or photography
Photograph dance cherry blossoms springtime gardens.,scenic or photography
Explore urban street scenes document rhythm city life.,scenic or photography
Capture reflections city lights rain-kissed streets night.,scenic or photography
Photograph serene beauty tranquil countryside sunset.,scenic or photography
Document changing hues autumn leaves peaceful forest.,scenic or photography
Explore play light shadows historic cobblestone alleyways.,scenic or photography
Capture architectural marvels modern skyscrapers sky.,scenic or photography
Photograph vibrant street markets stalls colorful produce.,scenic or photography
Explore picturesque charm coastal villages harbors.,scenic or photography
Capture timeless beauty medieval castles dramatic sky.,scenic or photography
Photograph natural wonders majestic waterfalls lush landscapes.,scenic or photography
Document quiet beauty snow-covered landscapes winter.,scenic or photography
Explore intricate details ornate doors windows historic buildings.,scenic or photography
Capture warmth sunlight streaming dense forest canopy.,scenic or photography
Indulge culinary adventure diverse flavors local cuisine.,food and snacks
Savor mouthwatering aromas street food bustling markets.,food and snacks
Treat taste buds rich savory dishes regional specialties.,food and snacks
Explore vibrant food scene variety gourmet restaurants.,food and snacks
Delight freshness local produce lively farmers' market.,food and snacks
Indulge sweet treats artisanal bakeries delectable pastries.,food and snacks
Satisfy cravings spicy flavorful street snacks.,food and snacks
Sample authentic flavors traditional dishes prepared local chefs.,food and snacks
Discover hidden gems offering unique exotic culinary experiences.,food and snacks
Tantalize palate fusion international cuisines area.,food and snacks
Experience joy street food festivals variety tasty options.,food and snacks
Delight aromatic spices bold flavors regional street vendors.,food and snacks
Indulge gastronomic journey selection mouthwatering tapas.,food and snacks
Savor richness artisanal chocolates handcrafted desserts.,food and snacks
Explore diverse food truck scene offering creative delicious snacks.,food and snacks
Indulge delight savory barbecue feast grilled specialties.,food and snacks
Savor creamy goodness artisanal ice cream unique flavors.,food and snacks
Treat crispy perfection freshly baked pastries.,food and snacks
Explore mouthwatering world local street food delicacies.,food and snacks
Delight comfort warm flavorful homemade soups.,food and snacks
Indulge richness decadent chocolate fondue experience.,food and snacks
Satisfy sweet tooth tempting allure candy shops.,food and snacks
Sample exquisite taste handcrafted cheeses charcuterie.,food and snacks
Discover joy gourmet popcorn variety creative flavors.,food and snacks
Tantalize taste buds explosion flavors fusion cuisine.,food and snacks
Experience freshness seafood coastal culinary masterpieces.,food and snacks
Delight cultural diversity food markets global cuisine.,food and snacks
Indulge warmth freshly brewed coffee artisanal teas.,food and snacks
Savor crunch perfectly seasoned roasted nuts.,food and snacks
Explore world unique refreshing local beverages.,food and snacks
Treat sweet savory harmony crepes.,food and snacks
Indulge nostalgic flavors classic comfort foods.,food and snacks
Satisfy cravings indulgence gourmet chocolate truffles.,food and snacks
Discover artistry edible arrangements gourmet gift baskets.,food and snacks
Tantalize senses explosion flavors molecular gastronomy.,food and snacks
Savor authentic taste local street tacos flavorful toppings.,food and snacks
Indulge crispy goodness tempura-fried delicacies.,food and snacks
Treat aromatic bliss freshly brewed artisanal coffee.,food and snacks
Explore world exotic spices herbs international cuisine.,food and snacks
Delight artistry beautifully crafted sushi sashimi.,food and snacks
Indulge comforting warmth hearty bowl ramen.,food and snacks
Satisfy senses irresistible aroma freshly baked bread.,food and snacks
Sample diverse textures flavors gourmet cheese platters.,food and snacks
Discover joy farm-to-table dining locally sourced ingredients.,food and snacks
Tantalize taste buds sweetness freshly picked fruits.,food and snacks
Experience cultural fusion flavors global food market.,food and snacks
Delight intricate details beautifully decorated desserts.,food and snacks
Indulge velvety smoothness handmade chocolate truffles.,food and snacks
Savor indulgence creamy gelato variety delightful flavors.,food and snacks
Explore crispiness perfectly battered fried street snacks.,food and snacks
Treat warmth cup spiced chai cozy cafe.,food and snacks
Indulge flakiness freshly baked croissants pastries.,food and snacks
Satisfy cravings bold spicy flavors street curries.,food and snacks
Discover charm food trucks offering inventive tasty dishes.,food and snacks
Tantalize senses richness handcrafted artisan chocolates.,food and snacks
Engage friendly conversations locals bustling community market.,local interaction
Participate traditional dance music performance local artists.,local interaction
Join community event festival immerse local traditions.,local interaction
Explore daily life locals joining neighborhood walking tour.,local interaction
Visit local artisan's workshop learn traditional crafts.,local interaction
Engage language exchange friendly locals cultural exchange program.,local interaction
Attend local cooking class learn traditional recipes skilled chefs.,local interaction
Volunteer local community project make positive impact.,local interaction
Participate local sports event join friendly match residents.,local interaction
Visit local farm participate agricultural activities farmers.,local interaction
Join communal meal potluck share food stories locals.,local interaction
Explore local neighborhoods joining guided walking tour residents.,local interaction
Attend storytelling session locals share anecdotes folktales.,local interaction
Participate local book club discussion group exchange ideas.,local interaction
Engage community cleanup environmental project local volunteers.,local interaction
Visit local school educational program interact students teachers.,local interaction
Join local dance music class learn traditional moves melodies.,local interaction
Attend religious cultural ceremony experience local spiritual practices.,local interaction
Explore local art galleries studios connect creative community.,local interaction
Participate community workshop skill-sharing session locals.,local interaction
Join local photography club capture moments fellow enthusiasts.,local interaction
Attend community storytelling event hear narratives diverse perspectives.,local interaction
Participate local sports tournament connect athletes fans.,local interaction
Engage community gardening project foster relationships neighbors.,local interaction
Join cultural exchange program share customs traditions locals.,local interaction
Volunteer local charity event contribute well-being community.,local interaction
Participate local music jam session connect musicians enthusiasts.,local interaction
Visit local community center attend events organized residents.,local interaction
Join neighborhood watch program collaborate locals safety initiatives.,local interaction
Explore local art exhibitions engage conversations artists.,local interaction
Attend community theater production interact local acting community.,local interaction
Participate local environmental initiative promote sustainable practices.,local interaction
Join local historical society learn rich heritage area.,local interaction
Engage language exchange meetup practice learn locals.,local interaction
Attend community potluck dinner share dishes stories neighbors.,local interaction
Participate local hobby club group connect like-minded individuals.,local interaction
Join local business networking event meet entrepreneurs professionals.,local interaction
Visit local farmer's market interact growers producers.,local interaction
Attend community workshop traditional crafts learn skilled artisans.,local interaction
Participate local environmental cleanup initiative community members.,local interaction
Wander labyrinth historical alleyways markets.,history and culture
Discover ancient manuscripts scripts local archives.,history and culture
Embark pilgrimage sacred sites temples historical significance.,history and culture
Witness reenactment historical events captivating open-air performances.,history and culture
Marvel craftsmanship historical artworks sculptures.,history and culture
Explore historical battlegrounds relive tales epic battles.,history and culture
Attend traditional ceremonies passed generations.,history and culture
Immerse folklore myths region's rich cultural tapestry.,history and culture
Trace evolution fashion historical costume exhibits.,history and culture
Visit birthplaces influential historical figures leaders.,history and culture
Roam streets witnessed centuries cultural exchange.,history and culture
Take scenic boat ride along historical waterways shaped city.,history and culture
Savor authentic flavors historical recipes local eateries.,history and culture
Participate community events celebrate legacy historical heroes.,history and culture
Explore hidden gems historical significance tucked away city.,history and culture
Capture beauty historical landscapes plein air painting.,history and culture
Join historical walking tour led passionate guides.,history and culture
Partake cultural exchange programs promote understanding historical traditions.,history and culture
Attend historical renaissance fairs lively immersive experience.,history and culture
Discover role historical sites contemporary literature art.,history and culture
Visit preserved residences famous historical personalities.,history and culture
Engage historical trivia nights quizzes local pubs.,history and culture
Explore historical markets bazaars thrived centuries.,history and culture
Learn evolution language dialects historical region.,history and culture
Discover impact historical events local music dance traditions.,history and culture
Participate hands-on archaeological digs unearth artifacts past.,history and culture
Explore historical eco-trails nature reserves tell tales conservation.,history and culture
Attend historical-themed festivals bring past life vibrant spectacle.,history and culture
Relax ambiance historical cafes tea houses.,history and culture
Take scenic train journey landscapes steeped historical significance.,history and culture
Discover ancient rituals ceremonies still practiced historic enclave.,history and culture
Visit historic libraries housing manuscripts different epochs.,history and culture
Embark historical river cruise tracing trade routes past.,history and culture
Explore underground catacombs hold secrets bygone era.,history and culture
Marvel intricate details historical murals frescoes.,history and culture
Attend historical-themed markets showcasing traditional crafts artifacts.,history and culture
Immerse chants hymns echoing ancient temples.,history and culture
Participate historical-themed escape rooms interactive experience.,history and culture
Trace evolution historical fashion interactive exhibitions.,history and culture
Join historical photography workshops capturing essence past.,history and culture
Take guided tour historical vineyards stories dating back centuries.,history and culture
Explore historical significance ancient wells water sources.,history and culture
Savor traditional dishes inspired historical recipes local eateries.,history and culture
Attend historical symposiums featuring scholars discussing cultural heritage.,history and culture
Discover symbolism hidden meanings historical architecture.,history and culture
Explore historical districts vintage-inspired bike tours.,history and culture
Attend historical tea ceremonies experience art brewing time.,history and culture
Participate historical storytelling sessions local narrators.,history and culture
Visit historical botanical gardens showcasing plants cultural significance.,history and culture
Join historical book clubs discussing literature different eras.,history and culture
Explore historical lighthouses guided ships tumultuous times.,history and culture
Savor flavors historical beverages themed tasting events.,history and culture
Attend historical dance performances showcasing traditional choreography.,history and culture
Explore historical street art murals depicting city's cultural evolution.,history and culture
Participate historical scavenger hunts uncovering artifacts city.,history and culture
Visit historical observatories charted stars navigation.,history and culture
Join historical music workshops learning instruments past centuries.,history and culture
Explore historical trade routes themed marketplaces exhibits.,history and culture
Savor historical-inspired cocktails bars known cultural ambiance.,history and culture
Attend historical fashion shows featuring modern interpretations classic styles.,history and culture
Explore ancient ruins archaeological wonders hidden artifacts historical enclave,history and culture
Wander labyrinthine markets discovering secrets bygone eras,history and culture
Visit sacred sites temples libraries steeped historical significance,history and culture
Immerse reenactments capturing essence epic battles,history and culture
Marvel intricate details craftsmanship historical murals,history and culture
Join traditional ceremonies engaging chants hymns,history and culture
Participate escape rooms unraveling historical mysteries interactively,history and culture
Trace evolution fashion interactive exhibitions workshops,history and culture
Take guided tours historical districts streets landscapes,history and culture
Savor traditional dishes recipes flavors inspired history,history and culture
Attend symposiums lectures discussions cultural heritage,history and culture
Discover symbolism historical architecture artworks frescoes,history and culture
Explore vintage-inspired bike tours historical districts,history and culture
Join storytelling sessions capturing tales past,history and culture
Explore historical eco-trails nature reserves botanical gardens,history and culture
Capture beauty historical landscapes plein air painting,history and culture
Partake historical dance performances traditional choreography events,history and culture
Visit historical-themed markets bazaars exhibitions showcasing artifacts,history and culture
Attend historical tea ceremonies experiencing art brewing,history and culture
Participate cultural exchange programs promoting historical understanding,history and culture
Explore historical lighthouses observing city's evolution,history and culture
Savor historical-inspired cocktails beverages tasting events,history and culture
Attend historical fashion shows exploring modern interpretations classic styles,history and culture
Explore historical-themed escape rooms uncovering artifacts city,history and culture
Participate hands-on archaeological digs unearthing treasures past,history and culture
Visit historical observatories charting stars navigation,history and culture
Join historical music workshops learning instruments past centuries,history and culture
Explore historical trade routes markets exhibits,history and culture
Visit ancient temples sacred shrines experiencing spiritual tranquility,religious
Join prayer ceremonies rituals immersing sacred traditions,religious
Explore historic churches cathedrals marveling exquisite architecture,religious
Attend religious festivals witnessing vibrant celebrations cultural unity,religious
Participate pilgrimages sacred sites connecting centuries devotion,religious
Engage meditation sessions serene monasteries finding inner peace,religious
Discover symbolism religious art sacred scriptures,religious
Witness religious processions celebrating faith community,religious
Experience divine atmosphere mosques Islamic landmarks,religious
Explore sacred rivers bathing ghats taking part spiritual rituals,religious
Attend spiritual discourses sermons gaining insights religious philosophy,religious
Visit historic synagogues exploring rich heritage Jewish culture,religious
Partake traditional religious feasts communal meals fostering unity,religious
Engage devotional singing hymns connecting divine,religious
Join religious study groups deepening understanding faith,religious
Explore sacred caves holy mountains experiencing nature's spirituality,religious
Witness religious art dance performances expressing devotion creativity,religious
Participate charitable community service activities embodying religious values,religious
Visit spiritual retreats ashrams seeking inner transformation,religious
Experience sanctity holy relics artifacts,religious
Attend religious processions embracing vibrancy cultural expression,religious
Engage traditional rituals ceremonies upholding religious customs,religious
Explore sacred groves natural sites religious significance,religious
Participate religious education programs deepening knowledge,religious
Visit historic places worship understanding evolution religious practices,religious
Join religious pilgrimages sacred mountains sites,religious
Experience tranquility Buddhist monasteries meditation centers,religious
Partake religious fasting observances connecting spiritual discipline,religious
Witness beauty religious art architecture serene settings,religious
Explore sacredness ancient tombs religious burial grounds,religious
Visit ancient shrines feeling serenity spiritual connection,religious
Participate sacred rituals embracing traditions devotion,religious
Explore architectural marvels religious significance,religious
Attend vibrant festivals celebrating cultural unity faith,religious
Embark pilgrimages connect sacred sites history,religious
Meditate tranquil monasteries seeking inner peace reflection,religious
Uncover meanings religious art ancient scriptures,religious
Join processions share community's faith joy,religious
Experience sacred ambience mosques Islamic landmarks,religious
Engage spiritual rituals rivers bathing ghats,religious
Listen enlightening discourses religious philosophy,religious
Discover rich heritage Jewish culture historic synagogues,religious
Participate communal feasts fostering unity harmony,religious
Engage devotional singing hymns connecting divine energy,religious
Deepen understanding faith religious study groups,religious
Commune nature's spirituality sacred caves mountains,religious
Witness religious expressions art dance performances,religious
Contribute charitable activities embodying religious values,religious
Seek inner transformation spiritual retreats ashrams,religious
Encounter sacredness holy relics artifacts,religious
Embrace cultural expression religious processions,religious
Uphold traditions participation religious rituals ceremonies,religious
Explore natural sites religious significance,religious
Deepen knowledge religious education programs,religious
Understand evolution religious practices historic places worship,religious
Embark pilgrimages sacred mountains sites,religious
Find tranquility Buddhist monasteries meditation centers,religious
Connect spiritual discipline fasting observances,religious
Marvel beauty religious art architecture serene settings,religious
Visit ancient tombs religious burial grounds experiencing sacred history,religious
Explore sacredness ancient temples feel spiritual energy,religious
Participate time-honored prayer ceremonies immerse divine rituals,religious
Marvel grandeur historic mosques embracing Islamic heritage,religious
Join festivities religious celebrations experiencing cultural richness,religious
Embark pilgrimages revered sites connecting centuries-old devotion,religious
Meditate tranquil settings finding inner serenity monasteries,religious
Decode symbolism religious art ancient scriptures,religious
Witness joyous spirit religious processions celebrating faith together,religious
Experience sanctity sacred rivers participate spiritual rituals,religious
Attend spiritual discourses gaining insights profound religious philosophy,religious
Explore historical cultural richness synagogues,religious
Partake communal feasts fostering unity religious traditions,religious
Engage devotional singing hymns connecting divine harmony,religious
Deepen understanding faith study groups discussions,religious
Commune spirituality natural settings like sacred caves mountains,religious
Witness expressions devotion religious art dance performances,religious
Contribute charitable activities reflecting religious values action,religious
Encounter sacredness relics artifacts religious settings,religious
Embrace cultural expression religious processions ceremonies,religious
Uphold religious traditions rituals ceremonies,religious
Explore natural sites religious significance connecting spirituality,religious
Explore ancient temples feeling spiritual energy,religious
Participate prayer ceremonies immerse divine rituals,religious
Marvel historic mosques embracing Islamic heritage,religious
Join religious celebrations experiencing cultural richness,religious
Embark pilgrimages connecting centuries-old devotion,religious
Experience sanctity sacred rivers participating spiritual rituals,religious
Embark thrilling expeditions discovering hidden treasures,adventure
Navigate challenging terrains conquer majestic peaks,adventure
Explore dense jungles encounter exotic wildlife,adventure
Conquer rapids wild rivers adrenaline-pumping rafting adventure,adventure
Hike untamed landscapes witness breathtaking vistas,adventure
Camp starry sky immersing wilderness,adventure
Embark daring zip-lining experience lush canopies,adventure
Challenge limits rock climbing rugged cliffs,adventure
Go off-road thrilling ATV adventure experiencing rugged terrains,adventure
Sail sunset exhilarating sea kayaking expedition,adventure
Dive depths ocean underwater exploration,adventure
Embark hot air balloon ride soaring picturesque landscapes,adventure
Join thrilling paragliding adventure feeling rush wind,adventure
Experience thrill bungee jumping towering heights,adventure
Venture mysterious caves discovering hidden chambers formations,adventure
Embark desert safari navigating sand dunes 4x4,adventure
Navigate dense forests challenging mountain biking trail,adventure
Take challenge skydiving free-falling high altitudes,adventure
Embark snowboarding adventure powdery slopes,adventure
Explore uncharted territories epic backpacking journey,adventure
Conquer waves exciting surfing expedition,adventure
Join thrilling canyoning adventure descending narrow gorges,adventure
Embark thrilling heli-skiing adventure carving untouched snow,adventure
Navigate challenging ice-climbing routes icy landscapes,adventure
Embark off-the-beaten-path trek discovering remote rugged terrain,adventure
Join adrenaline-fueled dirt biking adventure varied landscapes,adventure
Experience rush high-speed zip line scenic canyons,adventure
Take challenge extreme off-road buggy racing,adventure
Embark epic horseback riding adventure exploring diverse landscapes,adventure
Conquer challenging wave heights exhilarating windsurfing adventure,adventure
Join horseback riding adventure galloping open fields trails,adventure
Experience rush snowmobiling snowy landscapes winter,adventure
Navigate skies glider enjoying freedom silent flight,adventure
Go hot air balloon safari spotting wildlife high ground,adventure
Embark cultural immersion journey exploring traditions local cuisine,adventure
Take challenge rock climbing conquering vertical cliffs crags,adventure
Experience thrill snowmobiling snowy landscapes winter,adventure
Embark hot air balloon safari spotting wildlife high ground,adventure
Explore dense jungles exhilarating zip-lining escapade,adventure
Conquer challenging peaks mountain climbing expedition,adventure
Navigate roaring rapids heart-pounding white-water rafting trip,adventure
Embark safari untamed wilderness wildlife adventure,adventure
Camp starry night sky midst serene forest,adventure
Go cross-country road trip discovering hidden gems along way,adventure
Participate mud run tackling obstacles testing endurance,adventure
Venture mysterious caves spelunking expedition,adventure
Embark long-distance cycling journey scenic routes,adventure
Discover ancient ruins thrilling archaeological exploration,adventure
Take helicopter tour bird's-eye view breathtaking landscapes,adventure
Challenge gravity indoor skydiving adrenaline-packed experience,adventure
Conduct scuba diving session explore vibrant coral reefs marine life,adventure
Embark photography expedition capturing essence diverse cultures,adventure
Embark culinary road trip delectable destinations savoring unique flavors local specialties,food and snacks
Unearth hidden gems world gastronomy flavorful exploration street food markets,food and snacks
Take gourmet helicopter tour taste bud-tingling experience exquisite dishes stunning views,food and snacks
Challenge palate indoor tasting session featuring rare exotic snacks,food and snacks
Dive flavorful journey gourmet picnic exploring diverse cuisines picturesque settings,food and snacks
Capture essence culinary traditions food photography expedition documenting mouthwatering dishes cultural significance,food and snacks
